person_id,name,bat_hand,bowl_type
ba607b88,V Kohli,RHB,RM
fe93fd9d,RA Jadeja,LHB,SLA
740742ef,RG Sharma,RHB,OB
9d430b40,SP Narine,LHB,OB
495d42a5,R Ashwin,RHB,OB
0a476045,S Dhawan,LHB,
2e171977,AR Patel,LHB,SLA
2e81a32d,B Kumar,RHB,RFM
1dc12ab9,SK Raina,LHB,OB
4329fbb5,SR Watson,RHB,RFM
dcce6f09,DA Warner,LHB,
87e562a9,DJ Bravo,RHB,RFM
98ae73b1,PP Chawla,LHB,LB
29e95537,AM Rahane,RHB,
5b8c830e,KH Pandya,LHB,SLA
b17e2f24,KL Rahul,RHB,
57ee1fde,YS Chahal,RHB,LB
8b5b6769,Harbhajan Singh,RHB,OB
4a8a2e3b,MS Dhoni,RHB,
86dc8f2e,JH Kallis,RHB,RFM
db584dad,CH Gayle,RHB,OB
a757b0d8,KA Pollard,RHB,RM
5f547c8b,Rashid Khan,RHB,LB
dbe50b21,HH Pandya,RHB,RFM
1c17e270,RV Uthappa,RHB,
6b19d823,A Mishra,RHB,LB
462411b3,JJ Bumrah,RHB,RF
a4cc73aa,SV Samson,RHB,
c03f1114,KD Karthik,RHB,
3355b542,F du Plessis,RHB,
bb345e0b,G Gambhir,LHB,
3c6ffae8,YK Pathan,RHB,OB
bbd41817,AD Russell,RHB,RF
70d205c9,AT Rayudu,RHB,
c4487b84,AB de Villiers,RHB,
93b4fc78,MK Pandey,RHB,
cc1e8c68,UT Yadav,RHB,RF
ce820073,Sandeep Sharma,RHB,RFM
b4b99816,Shubman Gill,RHB,
85ec8e33,SS Iyer,RHB,
99b75528,JC Buttler,RHB,
271f83cd,SA Yadav,RHB,
8cf9814c,Mohammed Shami,RHB,RF
5fa06777,IK Pathan,LHB,LFM
1c914163,Yuvraj Singh,LHB,SLA
a12e1d51,SL Malinga,RHB,RF
a818c1be,TA Boult,RHB,LFM
2f49c897,Mohammed Siraj,RHB,RFM
e938e1bc,P Kumar,RHB,RFM
b681e71e,GJ Maxwell,RHB,OB
f986ca1a,HV Patel,RHB,RM
919a3be2,RR Pant,LHB,
e62dd25d,K Rabada,RHB,RF
1abb78f8,SN Thakur,RHB,RM
5bb1a1c4,I Sharma,RHB,RFM
372455c4,Q de Kock,LHB,
759ac88f,MM Sharma,RHB,RFM
8d2c70ad,Kuldeep Yadav,LHB,LWS
1e66c162,JD Unadkat,LHB,LFM
752f7486,Ishan Kishan,LHB,
d9273ee7,MP Stoinis,RHB,RFM
fb2d1dda,N Rana,LHB,OB
c3d35165,JA Morkel,LHB,RFM
41eb4a4f,R Vinay Kumar,RHB,RFM
b5da6c24,PA Patel,LHB,
d67d5f00,DA Miller,LHB,
8fd1a8f5,DW Steyn,RHB,RF
91a4a398,Z Khan,RHB,LFM
2e8994e7,JP Duminy,LHB,OB
fe11caa6,WP Saha,RHB,
35205dfc,DR Smith,RHB,RM
ded9240e,PJ Cummins,RHB,RF
23eeb873,DL Chahar,RHB,RFM
b8a55852,BB McCullum,RHB,
4b57e452,M Vijay,RHB,
5b7ab5a9,CV Varun,RHB,OB
244048f6,Arshdeep Singh,LHB,LFM
fb66ce1f,CH Morris,RHB,RFM
7dc35884,Shakib Al Hasan,LHB,SLA
45a43fe2,RD Gaikwad,RHB,
00ea847a,MA Agarwal,RHB,
d2c2b2d5,SR Tendulkar,RHB,
e94915e6,SM Curran,LHB,LFM
96fd40ae,A Nehra,RHB,LFM
30a45b23,SPD Smith,RHB,LB
6c6591ab,PP Ojha,LHB,SLA
d2a989fc,DS Kulkarni,RHB,RFM
8ba8195d,V Sehwag,RHB,OB
c3d1402f,RP Singh,LHB,LFM
33a364a6,R Bhatia,RHB,RM
df064e1a,Ravi Bishnoi,RHB,LB
119678fd,KV Sharma,RHB,LB
0184dc35,R Dravid,RHB,
508a1ea7,SE Marsh,LHB,
5574750c,JC Archer,RHB,RF
eef2536f,Avesh Khan,RHB,RFM
3d8feaf8,MR Marsh,RHB,RFM
f19ccfad,Washington Sundar,LHB,OB
85e0cf10,M Prasidh Krishna,RHB,RF
39a2dfa8,R Tewatia,LHB,LB
2ed569a0,RD Chahar,RHB,LB
f29185a1,Abhishek Sharma,LHB,SLA
5bb5a915,M Morkel,RHB,RF
32198ae0,MC Henriques,RHB,RFM
2c25d4f5,D Padikkal,LHB,
d5130a30,B Sai Sudharsan,LHB,
6c19c6e5,YBK Jaiswal,LHB,
a2f46292,KK Ahmed,LHB,LFM
d027ba9f,KS Williamson,RHB,
b8d490fd,AJ Finch,RHB,
bb351c23,MM Ali,LHB,OB
a4e37e47,S Dube,LHB,RM
77255a9e,RA Tripathi,RHB,
04a418e8,R Parag,RHB,LB
808f425a,JP Faulkner,LHB,LFM
48fd7349,MEK Hussey,LHB,
66b30f71,AB Dinda,RHB,RFM
ce794613,T Natarajan,LHB,LFM
3241e3fd,N Pooran,LHB,
b2b50355,L Balaji,RHB,RFM
3d7e087f,SK Trivedi,RHB,RFM
4ba44e19,M Muralitharan,RHB,OB
725529bc,SC Ganguly,LHB,RM
73ad96ed,DJ Hooda,RHB,OB
0f721006,JO Holder,RHB,RFM
2b6e6dec,AC Gilchrist,LHB,
26e5cabf,MK Tiwary,RHB,LB
9d80c5e1,S Nadeem,LHB,SLA
d18f9182,DPMD Jayawardene,RHB,
6a26221c,AK Markram,RHB,OB
f5180fe6,MG Johnson,LHB,LF
0a8fce53,Mustafizur Rahman,LHB,LFM
bb18be76,SK Warne,RHB,LB
e087956b,BA Stokes,LHB,RFM
c3a96caf,Mandeep Singh,RHB,
fd835ab3,DJ Hussey,RHB,OB
6b71e6cf,KC Sangakkara,LHB,
f0f628c7,MM Patel,RHB,RFM
51a3c5ef,MJ McClenaghan,LHB,LFM
896d78ad,AD Mathews,RHB,RFM
b57f8a9a,BJ Hodge,RHB,OB
3fb19989,MA Starc,LHB,LF
acee4cc4,Imran Tahir,RHB,LB
13c35c9e,TG Southee,RHB,RFM
b0482a1d,Tilak Varma,LHB,OB
890946a0,NV Ojha,RHB,
944533a5,KK Nair,RHB,
2a2e6343,DT Christian,RHB,RFM
5bdcdb72,TM Dilshan,RHB,OB
bd77eb62,A Symonds,RHB,RM
8b3e9c7c,PP Shaw,RHB,
235c2bb6,H Klaasen,RHB,
bd17b45f,STR Binny,RHB,RM
a24be938,VR Iyer,LHB,RM
eaa76d3c,C Green,RHB,RFM
709b0bac,SS Tiwary,LHB,
abfeb126,M Kartik,LHB,SLA
dcf81436,S Kaul,RHB,RFM
81c36ee9,M Jansen,LHB,LFM
3576e47e,S Badrinath,RHB,
03806cf8,JR Hazlewood,LHB,RF
0994d0ae,V Shankar,RHB,RM
46a9bea1,TU Deshpande,RHB,RFM
acdc62f5,A Nortje,RHB,RF
9418198b,P Simran Singh,RHB,
efc04be7,Noor Ahmad,RHB,LWS
2f9d0389,LH Ferguson,RHB,RF
f9e6e7ef,Shahbaz Ahmed,LHB,SLA
abb83e27,JM Bairstow,RHB,
d2a6c0e6,EJG Morgan,LHB,
7a8bd078,S Gopal,RHB,LB
0a3d54b9,VR Aaron,RHB,RF
c8179c68,SB Jakati,LHB,SLA
48a1d7b7,SO Hetmyer,LHB,
c05edf8e,Harpreet Brar,LHB,SLA
fe763256,Y Venugopal Rao,RHB,OB
7c503806,J Botha,RHB,OB
50c6bc2b,LS Livingstone,RHB,LB
0f12f9df,NLTC Perera,LHB,RFM
c740ea83,RM Patidar,RHB,
f62772e5,P Negi,LHB,SLA
0c2730df,A Kumble,RHB,LB
85aae393,Iqbal Abdulla,LHB,SLA
12b610c2,TM Head,LHB,OB
dd09ff8e,B Lee,RHB,RF
99d63244,KM Jadhav,RHB,OB
5d9a1a73,R Sharma,RHB,LB
6b8eb6e5,S Sreesanth,RHB,RFM
0a509d6b,RK Singh,LHB,
ae78bc32,MS Gony,RHB,RFM
fa463154,AB Agarkar,RHB,RFM
12eddf28,RJ Harris,RHB,RFM
45eda7c8,CA Lynn,RHB,
56ab442f,NM Coulter-Nile,RHB,RFM
7c3b3b78,VG Arora,RHB,RFM
9fc0ef64,PJ Sangwan,RHB,RFM
e2db2409,M Ashwin,RHB,LB
39f01cdb,KP Pietersen,RHB,OB
f24c6701,M Theekshana,RHB,OB
7210d461,Yash Dayal,RHB,LFM
872b03f7,A Badoni,RHB,OB
aad0c365,Nithish Kumar Reddy,RHB,RM
d7c6af50,DL Vettori,LHB,SLA
a97c8ec2,PWH de Silva,RHB,LB
2cffab74,Mukesh Kumar,RHB,RFM
89f64c19,LMP Simmons,RHB,RM
26a85969,R Dhawan,RHB,RM
f233bbb4,ST Jayasuriya,LHB,SLA
9a158001,Azhar Mahmood,RHB,RFM
c03e2850,M Vohra,RHB,
b61a3e1a,LRPL Taylor,RHB,
957532de,S Aravind,LHB,LFM
3a60e0b5,WD Parnell,LHB,LFM
d8699ab7,ML Hayden,LHB,
e1d1b294,HH Gibbs,RHB,
e4a0deae,MJ Santner,LHB,SLA
a45a5e8d,AM Nayar,LHB,RM
9440ef41,Suyash Sharma,RHB,LB
d0513f63,CL White,RHB,LB
a9fd84fb,M Markande,RHB,LB
bcf325d2,Dhruv Jurel,RHB,
5d2eea49,Kartik Tyagi,RHB,RFM
64839cb3,M Pathirana,RHB,RF
df5a6881,DP Conway,LHB,
7c7d63a2,AJ Tye,RHB,RFM
ffe699c0,CJ Jordan,RHB,RFM
1a0c3177,P Awana,RHB,RFM
90de905a,K Gowtham,RHB,OB
800d2d97,JM Sharma,RHB,
8abdf100,CJ Anderson,LHB,RFM
3d284ca3,PD Salt,RHB,
c38d3503,Shivam Mavi,RHB,RFM
aaa1b522,TL Suman,RHB,
5afd4539,MS Bisla,RHB,
77b1aa15,Harshit Rana,RHB,RFM
6aed7e79,PV Tambe,RHB,LB
c33d8116,Mohsin Khan,RHB,LFM
91ffa6c6,JD Ryder,LHB,RM
85b3fab2,T Stubbs,RHB,
f1f99156,TH David,RHB,
c404f58a,DP Nannes,RHB,LF
72861603,GC Smith,LHB,
b1451597,LR Shukla,LHB,RM
2498e163,JR Hopes,RHB,RFM
7ca5e05d,RS Bopara,RHB,RM
26989d80,Shashank Singh,RHB,
557153ca,KK Cooper,RHB,RFM
8e514b4c,Abdul Samad,RHB,LB
f834dcfc,L Ngidi,RHB,RFM
21d4e29b,NA Saini,RHB,RF
d7017798,A Raghuvanshi,RHB,
45c2196c,DE Bollinger,LHB,LFM
db31895a,AS Rajpoot,RHB,RFM
d1a60072,N Wadhera,LHB,
05c2ca46,RE van der Merwe,LHB,SLA
ad427b5c,Lalit Yadav,RHB,OB
9caf69a1,WG Jacks,RHB,OB
25eeb281,PC Valthaty,LHB,
871e9faf,Basil Thampi,RHB,RFM
62af8546,Mohammad Nabi,RHB,OB
13fc5c6d,DS Rathi,RHB,LB
7dcb9bc9,M Shahrukh Khan,RHB,
fcc21ace,A Kamboj,RHB,RFM
54e52590,Vijaykumar Vyshak,RHB,RFM
2a72fd4f,Harmeet Singh,LHB,SLA
c18496e1,Bipul Sharma,LHB,SLA
b8527c3d,Rasikh Salam,RHB,RFM
addfb70e,SW Tait,RHB,RF
f088b960,SN Khan,RHB,
5056011d,GJ Bailey,RHB,
c654af19,R McLaren,RHB,RFM
ad3b6e95,Abishek Porel,LHB,
c5aef772,R Shepherd,RHB,RFM
4c5d73db,CR Woakes,RHB,RFM
81c08fa3,Umran Malik,RHB,RF
5750bcb4,E Malinga,RHB,RFM
d8b2f218,BB Sran,LHB,LFM
c42aaf71,M Manhas,RHB,
765a4731,Mukesh Choudhary,LHB,LFM
6eb146d2,Gurkeerat Singh,RHB,OB
e66732f8,RD Rickelton,LHB,
2cdce1be,C Sakariya,LHB,LFM
5d096f3d,RR Powar,RHB,OB
12314277,Arshad Khan,LHB,LM
4b31f3a3,Yash Thakur,RHB,RFM
14f96089,A Zampa,RHB,LB
0ebfb1ad,E Lewis,LHB,
fffa744b,Naman Dhir,RHB,OB
4125d931,J Suchith,LHB,SLA
5b040b81,A Singh,RHB,RM
c03c6200,DJG Sammy,RHB,RM
c7a995d3,R Sai Kishore,LHB,SLA
b5797845,Priyansh Arya,LHB,
f708a0bc,GB Hogg,RHB,LWS
b0946605,AS Joseph,RHB,RF
80b2fb19,Prince Yadav,RHB,RFM
da934ee8,MK Lomror,LHB,SLA
7d92277a,Mujeeb Ur Rahman,RHB,OB
8291f939,AL Menaria,LHB,SLA
69be866a,Anureet Singh,RHB,RFM
8f6dd463,Azmatullah Omarzai,RHB,RFM
470f446b,V Suryavanshi,LHB,
e0407c01,IC Pandey,RHB,RFM
327b58d3,PVD Chameera,RHB,RF
1c2a64cd,A Ashish Reddy,RHB,RM
cf73ad76,JEC Franklin,LHB,LM
d1c36f5c,JJ Roy,RHB,
94d7f855,C de Grandhomme,RHB,RM
24d94623,Ankit Sharma,LHB,SLA
d014d5ac,SE Rutherford,LHB,RM
caf69bf7,DR Sams,LHB,LFM
81049310,J Yadav,RHB,OB
844e79d1,D Brevis,RHB,LB
2e11c706,BCJ Cutting,RHB,RFM
c0c411cb,Naveen-ul-Haq,RHB,RFM
650d5e49,R Powell,RHB,RM
64775749,RP Meredith,RHB,RF
e798611a,HM Amla,RHB,
e4cdf230,AS Roy,LHB,SLA
